,title,product_type,vendor,tags
0,103 Wireless,NeckBand,simba,IPX4 water resistant 10mm Titanium drivers\nBluetooth v5.0
1,10W 2A Wall Charger,Chargers,simba,in-built smart IC Protection
2,180W RMS Sound,SoundBars,simba,Aavante Bar 2400 5.1 Channel Sound Multiple Connectivity\n2 Satelite Speakers
3,18W Dual QC-PD Charger with Micro USB cable,Chargers,simba,fast charging experience with a speed of 24W Power Delivery.
4,18W Dual QC-PD Charger with Type-C cable,Chargers,simba,"including micro USB, supports all connectivity, Type C and Apple Lightning Cable."
5,300W RMS Sound,SoundBars,simba,Aavante Bar 2600 2.1 Channel Sound Wired Subwoofer\nMulti-Connectivity
6,60W RMS Sound,SoundBars,simba,Multiple EQ Modes 2.0 Channel Sound\nBluetooth v5.0
7,Aavante Bar 1200D,SoundBars,simba,100W RMS Sound EQ Modes\n2.1.Channel Sound
8,Aavante Bar 1580,SoundBars,simba,2.1.Channel Sound Sleek Superior Design\n60W Wired Subwoofer
9,Aavante Bar 1850D,SoundBars,simba,2.1.Channel Sound Multiple EQ Modes\n220W RMS Sound
10,Aavante Bar 2050,SoundBars,simba,2.1.Channel Sound Sleek Superior Design\nWireless Subwoofer
11,Aavante Bar 2500,SoundBars,simba,5.1 Channel Sound 180W RMS Sound\n2 Satelite Speakers
12,Aavante Bar 3100D,SoundBars,simba,EQ Modes 5.1 Channel Sound\n250W RMS Sound
13,Aavante Bar 4100DA,SoundBars,simba,300W RMS Sound 3.1.2 Channel\nMultiple Connectivity
14,Aavante Bar Aura,SoundBars,simba,2.1.Channel Sound Wired Subwoofer\nBluetooth v5.3
15,Aavante Bar Maven,SoundBars,simba,2.1 Channel Sound Subwoofer\nMulti-Connectivity
16,Aavante Bar Octave,SoundBars,simba,2.1.Channel Sound Sleek & Lightweight\nBluetooth v5.3
17,Aavante Bar Quake,SoundBars,simba,Bluetooth v5.3 2.1 Channel Sound\nMultiple EQ modes
18,Aavante Bar Rhythm,SoundBars,simba,Bluetooth v5.3 EQ Modes\n2.0 Channel Sound
19,Aavante Bar Stark,SoundBars,simba,"160W RMS Bluetooth Soundbar with Wireless Subwoofer, AUX, boAt Signature Sound, Multiple EQ Modes"
20,Aavante Bar Theme,SoundBars,simba,"100+ Watch Faces, Control Your Music & Camera, Live Cricket Scores, Smartwatch with 1.69"" (4.29 cm) HD Display"
21,Aavante Bar Tune,SoundBars,simba,Bluetooth v5.3 EQ Modes\n2.0 Channel Sound
22,Airdopes 115,Wireless Earbuds,simba,13mm Drivers BEAST™ Mode
23,Airdopes 121 PRO,Wireless Earbuds,simba,ASAP™ Charge IWP Technology
24,Airdopes 121 v2,Wireless Earbuds,simba,Up to 14HRS Playback IWP Technology\nLED Battery Case
25,Airdopes 131,Wireless Earbuds,simba,13mm drivers IWP Technology
26,Airdopes 131 PRO,Wireless Earbuds,simba,Clear Calling BEAST™ Mode
27,Airdopes 141,Wireless Earbuds,simba,Clear Calling ASAP™ Charge
28,Airdopes 161,Wireless Earbuds,simba,ASAP™ Charge IWP Technology
29,Airdopes 161 Pro,Wireless Earbuds,simba,Bluetooth V5.3 BEAST™ Mode\nIWP™ Technology
30,Airdopes 170,Wireless Earbuds,simba,ENx™ Technology BEAST™ Mode\n13mm Drivers
31,Airdopes 181,Wireless Earbuds,simba,Clear Calling BEAST™ Mode
32,Airdopes 381,Wireless Earbuds,simba,Smart Touch Controls
33,Airdopes 402,Wireless Earbuds,simba,Clear Calling ASAP™ Charge
34,Airdopes 441,Wireless Earbuds,simba,IPX7 Water Resistance IWP Technology
35,Airdopes Alpha,Wireless Earbuds,simba,ENx™ Technology ASAP™ Charge\nIWP™ Technology
36,Airdopes Atom 81,Wireless Earbuds,simba,ENx™ Technology 13mm Drivers\nBluetooth v5.3
37,Airdopes Atom 83,Wireless Earbuds,simba,13mm Drivers ASAP™ Charge
38,DV 22.5W QCPD White with Free PD Cable,Chargers,simba,"18W QC 3.0 With Compact & Lightweight Design, Dual Output Ports : 22.5W Type C PD"
39,EnergyShroom PB 155,powerbank,simba,10000 mAh 3.7V(37Wh) Rated Capacity 6500mAh 5.0V (Type 1A) Battery Type Li-ion-Polymer
40,EnergyShroom PB06,powerbank,simba,"1x Micro USB Input, 1x Type-C(2-way), 2x USB Output"
41,EnergyShroom PB08,powerbank,simba,6500mAh 5.0V (Type 1A) Battery Type Lithium-Polymer Input 5V/3A
42,EnergyShroom PB100,powerbank,simba,10000mAh Battery
43,EnergyShroom PB105,powerbank,simba,6500mAh 5.0V (Type 1A) Dimensions 142 X 66.1 X 15mm Battery Type Li-ion-Polymer
44,EnergyShroom PB150,powerbank,simba,10000mAh Battery
45,EnergyShroom PB18,powerbank,simba,20000mAh power bank
46,EnergyShroom PB20,powerbank,simba,20000mAh power bank
47,EnergyShroom PB200,powerbank,simba,20000mAh Battery
48,EnergyShroom PB250,powerbank,simba,20000mAh Battery
49,EnergyShroom PB255,powerbank,simba,"13500mAh 5.0V (Type 1A) Battery Type Li-ion-Polymer Input DC 5V/2A, 9V/2A"
50,EnergyShroom PB300,powerbank,simba,Quick Charge 3.0 Technology and 18 W of power offer you lightning-fast speeds of charge
51,EnergyShroom PB300 Air,powerbank,simba,"10000mAh Powerbank with 2-way 22.5W fast charging, 12 Layer Smart IC Protection, LED battery display"
52,EnergyShroom PB300 Avenger Edition,powerbank,simba,"12-Layer Smart IC Protection, 22.5W Fast Charging, Powerbank with 10000mAh battery capacity"
53,EnergyShroom PB300 Black Panther Edition,powerbank,simba,"10000mAh Powerbank with 22.5W Fast Charging, 12-Layer Smart IC Protection, Universal Compatibility"
54,EnergyShroom PB310 Wireless Pro,powerbank,simba,"12 Layer Smart IC Protection, 22.5W Wired Fast Charging, Powerbank with 15W Wireless Charging"
55,Energyshroom PB400,powerbank,simba,Powerbank with 20000mAh battery capacity with Smart IC protection
56,EnergyShroom PB9,powerbank,simba,10000mAh Power Bank
57,Immortal 100,Gaming Headphones,simba,ENx™ Technology BEAST™ Mode\nIWP Technology
58,Immortal 101,Gaming Headphones,simba,ENx™ Technology BEAST™ Mode\nBlazing RGB Lights
59,Immortal 111,Gaming Headphones,simba,BEAST™ Mode 40 Hours Playback\nENx™ Technology
60,Immortal 121 Deadpool Edition,Gaming Headphones,simba,ENx™ Technology 40 Hours Playback\nBlazing RGB Lights
61,Immortal 121 Hulk Edition,Gaming Headphones,simba,ENx™ Technology 40 Hours Playback\nBlazing RGB Lights
62,Immortal 171,Gaming Headphones,simba,Up to 40HRS Playback BEAST™ Mode\nIWP Technology
63,Immortal 181,Gaming Headphones,simba,ENx™ Technology BEAST™ Mode\nASAP™ Charge
64,Immortal 200,Gaming Headphones,simba,50mm Drivers Noise Isolating Mic\nReal RGB LEDs
65,Immortal 201,Gaming Headphones,simba,ENx™ Technology BEAST™ Mode\nASAP™ Charge
66,Matrix,smart watch,simba,Always On Display Activity Tracker
67,Misfit Groom 100,Trimmers,simba,"Multiple Range Settings, Premium Matte Finish, Professional Trimmer for Men with 120 mins Runtime"
68,Misfit Groom 100 3 in 1,Trimmers,simba,120 Minutes Runtime Premium Matte Finish\nType-C charging
69,Misfit Groom 300,Trimmers,simba,"20 Length Settings, Premium Matte Finish, Trimmer with 120 Minutes Runtime, Type-C Charging"
70,Misfit Groom 700,Trimmers,simba,"40 Length Settings, Premium Matte Finish, Trimmer with 180 Minutes Runtime, Type-C Charging"
71,Misfit Groom 700 3 in 1,Trimmers,simba,"0.5-20 mm Length Settings, 3 Attachments, Grooming Kit with 180 Minutes Runtime"
72,Misfit Groom 700 5 in 1,Trimmers,simba,Ceramic Blades 5 Attachments\n180 Minutes Runtime
73,Misfit T150 Trimmer,Trimmers,simba,"Beard & Moustache, Ear & Eyebrow, Nose, Titanium Coated Water Resistant Yes Charging Time 1 hour Suitable For Body Grooming"
74,Misfit T200 3-in-1 Grooming Kit for Men,Trimmers,simba,"120 min Runtime with 5 Length Settings, Cord/Cordless Usage, Titanium Blades, USB Charging"
75,Misfit T30 Trimmer,Trimmers,simba,Titanium Coated Trimming Range 0.5 - 12 mm Water Resistant Yes Charging Time 1 hour
76,Misfit T50 Lite,Trimmers,simba,Titanium Coated Trimming Range 0.5 - 20 mm Water Resistant Yes Charging Time 1 hour
77,Misfit T50 Trimmer,Trimmers,simba,Titanium Coated Trimming Range 0.5 - 20 mm Water Resistant Yes Charging Time 1 hour
78,Nirvana Ion,Wireless Earbuds,simba,ENx™ Technology BEAST™ Mode\nDual EQ Modes
79,Rockerz 103 Pro,NeckBand,simba,"ENx™ Technology, Single Press Voice Assistant, Up To 20 Hours Uninterrupted, Wireless Earphones with 10 mm Drivers"
80,Rockerz 103 V2 Pro,NeckBand,simba,BEAST™ Mode ASAP™️ Charge\nENx™️ Technology
81,Rockerz 235 Pro,NeckBand,simba,Voice Assistant BEAST™ Mode\nENx™ Technology
82,Rockerz 235 V2,NeckBand,simba,10mm Drivers Fast Charging
83,Rockerz 245 Pro,NeckBand,simba,ENx™ Technology ASAP Charge\nIPX4 Water Resistance
84,Rockerz 245 V2,NeckBand,simba,IPX5 Water Resistance ASAP Charge\nBluetooth v5.0
85,Rockerz 255,NeckBand,simba,10mm Drivers IPX5 Water Resistance\nboAt Signature Audio
86,Rockerz 255 Neo,NeckBand,simba,BEAST™ Mode ENx™ Technology\nASAP Charge
87,Rockerz 255 Pro+,NeckBand,simba,10mm Drivers boAt Signature Sound\nASAP Charge
88,Rockerz 255F,NeckBand,simba,IPX5 Water Resistance 110 mAh Battery\nboAt Signature Audio
89,Rockerz 260,NeckBand,simba,10mm Drivers ENx™Technology\nFast Charging
90,Rockerz 330,NeckBand,simba,boAt Signature Audio Metallic Control Panel\nIPX5 Water Resistance
91,Rockerz 330 Pro,NeckBand,simba,10mm Drivers ENx™ Technology\nMagnetic Earbuds
92,Rockerz 333,NeckBand,simba,ASAP™ Charge Bluetooth v5.0\n10mm Dynamic Drivers
93,Rockerz 333 ANC,NeckBand,simba,25 Hours Playback ASAP Charge\nPowered by Dirac
94,Rockerz 333 Pro,NeckBand,simba,ASAP Charge IPX5 Water Resistance\nMagnetic Earbuds
95,Storm,smart watch,simba,2.5D Curved Display SpO2 Monitor\nWater Resistant
96,Storm Call,smart watch,simba,2.5D Curved Display Save Upto 10 Contacts
97,Vertex,smart watch,simba,HD Display 24*7 Health Tracker\nUp to 10 Days Battery Life
98,Watch Flash,smart watch,simba,LCD Display Round Dial\n24*7 Monitoring
99,Watch Mercury,smart watch,simba,100 Watch Faces IP68 Sweat Resistance\nMultiple Sports Mode
100,Watch Mercury F,smart watch,simba,"1.54"" (3.91 Cms)Square Display Battery Capacity 200 mAh Bluetooth Version V5.0 Working Temperature -10 to 50 degree Charging Time About 3 hours Working Time upto 7 days"
101,Wave Arcade,smart watch,simba,"1.81"" (4.59 cm) Display Bluetooth Calling Smart Watch with 100+ Sports Modes, IP68 Dust and Water Resistance, Save up to 50 contacts"
102,Wave Beat,smart watch,simba,"10+ Sports Mo, 7 Day Battery Life, Best Fitness Tracker Smartwatch with 1.69"" (4.29 cm) HD Display"
103,Wave Call,smart watch,simba,HD Curved Display Save upto 10 contacts
104,Wave Connect,smart watch,simba,Talking Back Alexa HD Display
105,Wave Neo,smart watch,simba,2.5D Curved Display Light Weight (35gms)\n10 Sports Modes
106,Wave Pro,smart watch,simba,"100+ Watch Faces, Control Your Music & Camera, Live Cricket Scores, Smartwatch with 1.69"" (4.29 cm) HD Display"
107,Wave Pro 47,smart watch,simba,HD Display Live Scores Fast Charge
108,Wave Select,smart watch,simba,2.5D Curved Body 20+ Sports Modes\n5ATM Water Resistant
109,Wave Stride Voice,smart watch,simba,100+ Sports Modes 100+ Watch Faces\n10 Days Battery Life
110,Wave Style,smart watch,simba,10+ Sports Mode 100+ Watch Faces\nBluetooth v5.0
111,WCD 2.0A,Chargers,simba,"Compatible with all USB to type C, Micro USB and LTG powered devices including Quick Charge 2.0 etc."
112,WCD 20W PD Wall Charger,Chargers,simba,"Auto-Detect Charging, Intelligent Voltage & Current Managemen"
113,WCD 22.5W QCPD,Chargers,simba,"18W QC 3.0, Dual Output Ports : 22.5W Type C PD"
114,WCD 36W QC Charger,Chargers,simba,36W Charging Support Quick Charge 3.0 Fast Charging technology
115,WCD QC3.0 With Micro USB Cable,Chargers,simba,in-built smart IC Protection
116,WCD QC3.0 With Type C Cable,Chargers,simba,"Fast Charger with Quick Charge 3.0, Smart IC protection, Spark protection"
117,WCD QC3A - Made In India,Chargers,simba,"Compatible with all USB to type C, Micro USB and LTG powered devices including Quick Charge 2.0 etc."
118,WCD QC3A with Micro USB Cable - Made In India,Chargers,simba,boAt WCD Q3A comes with exclusive Smart IC optimum smart charging technology
119,WCD QC3A with Type C Cable - Made In India,Chargers,simba,boAt WCD Q3A comes with exclusive Smart IC optimum smart charging technology
120,WCD QCPD,Chargers,simba,"Auto Detect Dual Port, High Power Quick Charger with Type C Cable, LED Indicator, QC 3.0 & GaN Chip Technology"
121,Xtend‌,smart watch,simba,LCD Display Health Monitoring
